,model,L,AIC,AICc,BIC,N,p
288,rtREV,-135.20116,296.40232,660.40232,303.746662,13,0.8433958434279766
270,PMB,-137.896135,301.792269,665.792269,309.136611,13,0.05696641666871043
54,DEN,-138.082778,302.165556,666.165556,309.509898,13,0.04726728527408711
72,Blosum62,-139.07452,304.14904,668.14904,311.493382,13,0.01753285260876065
342,WAG,-139.283283,304.566565,668.566565,311.910907,13,0.014229452167593422
180,LG,-139.651364,305.302729,669.302729,312.64707,13,0.009847640791555623
324,VT,-139.801378,305.602756,669.602756,312.947098,13,0.008475828553802855
162,JTT-DCMut,-142.140853,310.281707,674.281707,317.626049,13,0.0008168848904164577
144,JTT,-142.39247,310.784941,674.784941,318.129282,13,0.0006351627034198788
36,DCMut,-142.887882,311.775765,675.775765,319.120106,13,0.0003870172214577593
18,Dayhoff,-142.890182,311.780365,675.780365,319.124706,13,0.00038612810472460525
0,cpREV,-144.799328,315.598656,679.598656,322.942997,13,5.7226878503940665e-05
108,HIVb,-148.654418,323.308835,687.308835,330.653177,13,1.2115907818909542e-06
306,stmtREV,-149.24374,324.487479,688.487479,331.831821,13,6.72073339623472e-07
90,FLU,-150.473058,326.946116,690.946116,334.290458,13,1.9657596971376816e-07
252,mtZOA,-150.822249,327.644498,691.644498,334.988839,13,1.3863685644369672e-07
126,HIVw,-152.145597,330.291194,694.291194,337.635535,13,3.6911013336279385e-08
234,mtREV,-154.711393,335.422786,699.422786,342.767128,13,2.836905855960978e-09
198,mtART,-155.021034,336.042069,700.042069,343.386411,13,2.081466036982337e-09
297,rtREV+G8,-133.06193,294.123861,714.123861,302.033152,14,1.8219944448343626e-12
290,rtREV+IO,-135.196977,298.393954,718.393954,306.303245,14,2.1543096902497619e-13
63,DEN+G8,-135.242865,298.48573,718.48573,306.395021,14,2.0576866017366878e-13
289,rtREV+IC,-135.609361,299.218722,719.218722,307.128013,14,1.4263038001555333e-13
279,PMB+G8,-136.154414,300.308829,720.308829,308.21812,14,8.269862941163118e-14
351,WAG+G8,-137.298889,302.597779,722.597779,310.50707,14,2.633050173263956e-14
81,Blosum62+G8,-137.452176,302.904352,722.904352,310.813643,14,2.2588513590693316e-14
272,PMB+IO,-137.699755,303.39951,723.39951,311.308801,14,1.76345937857856e-14
56,DEN+IO,-137.800793,303.601585,723.601585,311.510876,14,1.593989408725895e-14
189,LG+G8,-137.81903,303.638059,723.638059,311.54735,14,1.5651832908416312e-14
271,PMB+IC,-137.884278,303.768556,723.768556,311.677847,14,1.4663179107908734e-14
55,DEN+IC,-137.940179,303.880358,723.880358,311.789649,14,1.3865982367404426e-14
333,VT+G8,-138.007283,304.014566,724.014566,311.923857,14,1.2966051632324737e-14
171,JTT-DCMut+G8,-138.912401,305.824802,725.824802,313.734093,14,5.244692059505636e-15
74,Blosum62+IO,-138.94289,305.88578,725.88578,313.795071,14,5.087199734986923e-15
45,DCMut+G8,-139.08722,306.174439,726.174439,314.08373,14,4.4034927325293164e-15
27,Dayhoff+G8,-139.101338,306.202676,726.202676,314.111967,14,4.341758840818668e-15
153,JTT+G8,-139.143418,306.286836,726.286836,314.196127,14,4.162848305808512e-15
344,WAG+IO,-139.163536,306.327072,726.327072,314.236363,14,4.079936925567821e-15
73,Blosum62+IC,-139.177632,306.355264,726.355264,314.264555,14,4.0228295728730314e-15
343,WAG+IC,-139.37392,306.747839,726.747839,314.65713,14,3.3058645542292936e-15
182,LG+IO,-139.584576,307.169153,727.169153,315.078444,14,2.677921754289165e-15
326,VT+IO,-139.633051,307.266102,727.266102,315.175393,14,2.5512068682560223e-15
325,VT+IC,-139.814113,307.628225,727.628225,315.537516,14,2.1286862999872356e-15
181,LG+IC,-139.888568,307.777136,727.777136,315.686427,14,1.975950461414241e-15
38,DCMut+IO,-140.870082,309.740164,729.740164,317.649455,14,7.404742119080131e-16
20,Dayhoff+IO,-140.886258,309.772515,729.772515,317.681806,14,7.285930224385829e-16
37,DCMut+IC,-140.904931,309.809862,729.809862,317.719153,14,7.151138836616525e-16
19,Dayhoff+IC,-140.921222,309.842444,729.842444,317.751735,14,7.035583445920741e-16
164,JTT-DCMut+IO,-140.984784,309.969567,729.969567,317.878858,14,6.602306923814995e-16
163,JTT-DCMut+IC,-141.018959,310.037919,730.037919,317.94721,14,6.380478674357136e-16
146,JTT+IO,-141.218631,310.437262,730.437262,318.346553,14,5.225610441161408e-16
145,JTT+IC,-141.252844,310.505689,730.505689,318.41498,14,5.04984788913879e-16
117,HIVb+G8,-141.713599,311.427199,731.427199,319.33649,14,3.1854804388493646e-16
9,cpREV+G8,-141.754608,311.509216,731.509216,319.418507,14,3.0574909293030686e-16
99,FLU+G8,-143.871262,315.742524,735.742524,323.651815,14,3.6822563941498876e-17
2,cpREV+IO,-144.540713,317.081426,737.081426,324.990717,14,1.8852769154622777e-17
1,cpREV+IC,-144.702748,317.405496,737.405496,325.314787,14,1.603261055758669e-17
315,stmtREV+G8,-145.160369,318.320739,738.320739,326.23003,14,1.0145226586857637e-17
135,HIVw+G8,-145.750417,319.500834,739.500834,327.410125,14,5.6235087838976244e-18
261,mtZOA+G8,-146.103598,320.207196,740.207196,328.116487,14,3.950233961265556e-18
308,stmtREV+IO,-146.483999,320.967997,740.967997,328.877288,14,2.700330864362585e-18
307,stmtREV+IC,-146.515117,321.030235,741.030235,328.939526,14,2.6175933000855096e-18
110,HIVb+IO,-146.624982,321.249963,741.249963,329.159254,14,2.345248362629495e-18
109,HIVb+IC,-146.65294,321.305881,741.305881,329.215172,14,2.2805857271785788e-18
243,mtREV+G8,-147.52459,323.04918,743.04918,330.958471,14,9.53880199807553e-19
207,mtART+G8,-148.764976,325.529952,745.529952,333.439243,14,2.7593134557048506e-19
92,FLU+IO,-149.355702,326.711404,746.711404,334.620695,14,1.528452676086535e-19
128,HIVw+IO,-149.357626,326.715253,746.715253,334.624544,14,1.5255139975618574e-19
254,mtZOA+IO,-150.561679,329.123358,749.123358,337.032649,14,4.576177276619712e-20
253,mtZOA+IC,-150.779672,329.559345,749.559345,337.468636,14,3.6798444926178495e-20
225,mtMAM+G8,-152.032916,332.065833,752.065833,339.975124,14,1.050878513473866e-20
200,mtART+IO,-154.39034,336.780679,756.780679,344.68997,14,9.948021426961802e-22
199,mtART+IC,-154.515219,337.030439,757.030439,344.93973,14,8.780151651122383e-22
218,mtMAM+IO,-160.75552,349.511039,769.511039,357.42033,14,1.711489195052653e-24
299,rtREV+G8+IO,-133.059747,296.119493,776.119493,304.593733,15,6.285887566064554e-26
298,rtREV+G8+IC,-133.775852,297.551705,777.551705,306.025945,15,3.071607535679813e-26
65,DEN+G8+IO,-135.218612,300.437225,780.437225,308.911465,15,7.257432707965202e-27
64,DEN+G8+IC,-135.656355,301.31271,781.31271,309.786951,15,4.68461457675895e-27
281,PMB+G8+IO,-136.15544,302.310879,782.310879,310.785119,15,2.843964828084115e-27
280,PMB+G8+IC,-136.840858,303.681715,783.681715,312.155956,15,1.4330157572964947e-27
353,WAG+G8+IO,-137.299691,304.599383,784.599383,313.073623,15,9.056948360816968e-28
83,Blosum62+G8+IO,-137.453168,304.906335,784.906335,313.380575,15,7.768337968255918e-28
191,LG+G8+IO,-137.819365,305.63873,785.63873,314.11297,15,5.386300242375118e-28
352,WAG+G8+IC,-137.982767,305.965533,785.965533,314.439774,15,4.574316267351451e-28
335,VT+G8+IO,-138.008636,306.017272,786.017272,314.491512,15,4.4574985158504535e-28
82,Blosum62+G8+IC,-138.156023,306.312046,786.312046,314.786286,15,3.846642684266066e-28
190,LG+G8+IC,-138.554066,307.108132,787.108132,315.582372,15,2.5835327307095215e-28
334,VT+G8+IC,-138.630423,307.260847,787.260847,315.735087,15,2.3936041385415895e-28
173,JTT-DCMut+G8+IO,-138.916799,307.833597,787.833597,316.307837,15,1.797551098593925e-28
47,DCMut+G8+IO,-139.102105,308.204211,788.204211,316.678451,15,1.4934938454866383e-28
29,Dayhoff+G8+IO,-139.116146,308.232291,788.232291,316.706531,15,1.4726717053596713e-28
155,JTT+G8+IO,-139.148828,308.297656,788.297656,316.771897,15,1.4253191275413292e-28
172,JTT-DCMut+G8+IC,-139.16766,308.335321,788.335321,316.809561,15,1.3987279798696242e-28
154,JTT+G8+IC,-139.381914,308.763829,788.763829,317.238069,15,1.1289739798213975e-28
46,DCMut+G8+IC,-139.386909,308.773817,788.773817,317.248057,15,1.123349938685518e-28
28,Dayhoff+G8+IC,-139.400699,308.801397,788.801397,317.275638,15,1.1079652641622072e-28
119,HIVb+G8+IO,-141.713073,313.426146,793.426146,321.900386,15,1.0971718579624073e-29
11,cpREV+G8+IO,-141.741277,313.482554,793.482554,321.956794,15,1.0666595303235902e-29
10,cpREV+G8+IC,-141.945472,313.890943,793.890943,322.365184,15,8.696515461708592e-30
118,HIVb+G8+IC,-142.19289,314.38578,794.38578,322.86002,15,6.790359758784064e-30
101,FLU+G8+IO,-143.871233,317.742467,797.742467,326.216707,15,1.2676444617901434e-30
100,FLU+G8+IC,-144.361264,318.722528,798.722528,327.196768,15,7.765687700256579e-31
317,stmtREV+G8+IO,-144.871519,319.743038,799.743038,328.217278,15,4.662072150454127e-31
316,stmtREV+G8+IC,-144.97091,319.94182,799.94182,328.416061,15,4.220987125890735e-31
137,HIVw+G8+IO,-145.774094,321.548188,801.548188,330.022428,15,1.8905825645371526e-31
136,HIVw+G8+IC,-145.887591,321.775183,801.775183,330.249423,15,1.687735208356893e-31
263,mtZOA+G8+IO,-146.101517,322.203034,802.203034,330.677274,15,1.3626918115712503e-31
262,mtZOA+G8+IC,-146.724448,323.448897,803.448897,331.923137,15,7.309066835829612e-32
245,mtREV+G8+IO,-147.524427,325.048854,805.048854,333.523094,15,3.2842460405376347e-32
244,mtREV+G8+IC,-148.170442,326.340884,806.340884,334.815124,15,1.7213727961432207e-32
91,FLU+IC,-179.500299,387.000599,807.000599,394.90989,14,1.2377121186422925e-32
209,mtART+G8+IO,-148.78137,327.562741,807.562741,336.036981,15,9.344413730493727e-33
236,mtREV+IO,-180.731912,389.463825,809.463825,397.373116,14,3.611909943903275e-33
235,mtREV+IC,-180.981704,389.963408,809.963408,397.872699,14,2.8135448556464725e-33
216,mtMAM,-211.416761,448.833522,812.833522,456.177863,13,6.699100715115248e-34
127,HIVw+IC,-187.609728,403.219455,823.219455,411.128746,14,3.721686708371522e-36
217,mtMAM+IC,-209.9909,447.981799,867.981799,455.89109,14,7.091209452587449e-46
208,mtART+G8+IC,-188.439539,406.879077,886.879077,415.353317,15,5.58764149812645e-50
227,mtMAM+G8+IO,-194.863069,419.726137,899.726137,428.200378,15,9.068279570798517e-53
226,mtMAM+G8+IC,-197.682535,425.36507,905.36507,433.839311,15,5.40811798710436e-54
104,FLU+G8+FC+IO,-131.629552,331.259104,2711.259104,350.467382,34,0.0
105,FLU+G8+FO,-126.696893,319.393786,2563.393786,338.037115,33,0.0
106,FLU+G8+FO+IC,-127.018446,322.036893,2702.036893,341.245171,34,0.0
103,FLU+G8+FC+IC,-132.114231,332.228462,2712.228462,351.43674,34,0.0
102,FLU+G8+FC,-131.629237,329.258474,2573.258474,347.901802,33,0.0
130,HIVw+FC+IC,-177.107121,420.214242,2664.214242,438.857571,33,0.0
142,HIVw+G8+FO+IC,-129.584792,327.169584,2707.169584,346.377862,34,0.0
133,HIVw+FO+IC,-132.457458,330.914916,2574.914916,349.558245,33,0.0
129,HIVw+FC,-178.330681,420.661362,2532.661362,438.739742,32,0.0
131,HIVw+FC+IO,-137.483278,340.966555,2584.966555,359.609884,33,0.0
125,HIVb+G8+FO+IO,-127.581671,323.163343,2703.163343,342.371621,34,0.0
132,HIVw+FO,-135.01152,334.02304,2446.02304,352.101419,32,0.0
124,HIVb+G8+FO+IC,-128.107471,324.214943,2704.214943,343.423221,34,0.0
123,HIVb+G8+FO,-127.583459,321.166918,2565.166918,339.810247,33,0.0
122,HIVb+G8+FC+IO,-132.087104,332.174209,2712.174209,351.382487,34,0.0
121,HIVb+G8+FC+IC,-132.668522,333.337043,2713.337043,352.545321,34,0.0
120,HIVb+G8+FC,-132.087845,330.17569,2574.17569,348.819019,33,0.0
134,HIVw+FO+IO,-132.441445,330.88289,2574.88289,349.526218,33,0.0
141,HIVw+G8+FO,-129.642981,325.285963,2569.285963,343.929292,33,0.0
116,HIVb+FO+IO,-131.926017,329.852034,2573.852034,348.495363,33,0.0
115,HIVb+FO+IC,-131.961066,329.922133,2573.922133,348.565462,33,0.0
113,HIVb+FC+IO,-137.220875,340.441749,2584.441749,359.085078,33,0.0
138,HIVw+G8+FC,-134.576244,335.152489,2579.152489,353.795817,33,0.0
112,HIVb+FC+IC,-174.95886,415.91772,2659.91772,434.561049,33,0.0
111,HIVb+FC,-175.716515,415.433029,2527.433029,433.511409,32,0.0
139,HIVw+G8+FC+IC,-170.015577,408.031153,2788.031153,427.239431,34,0.0
140,HIVw+G8+FC+IO,-169.073544,406.147089,2786.147089,425.355367,34,0.0
107,FLU+G8+FO+IO,-126.692369,321.384738,2701.384738,340.593016,34,0.0
114,HIVb+FO,-133.711943,331.423885,2443.423885,349.502265,32,0.0
8,cpREV+FO+IO,-123.846409,313.692817,2557.692817,332.336146,33,0.0
98,FLU+FO+IO,-131.162394,328.324788,2572.324788,346.968117,33,0.0
30,Dayhoff+G8+FC,-123.774901,313.549801,2557.549801,332.19313,33,0.0
50,DCMut+G8+FC+IO,-123.779457,315.558913,2695.558913,334.767191,34,0.0
49,DCMut+G8+FC+IC,-124.042479,316.084959,2696.084959,335.293237,34,0.0
48,DCMut+G8+FC,-123.759838,313.519677,2557.519677,332.163006,33,0.0
44,DCMut+FO+IO,-121.395267,308.790534,2552.790534,327.433863,33,0.0
43,DCMut+FO+IC,-121.429268,308.858536,2552.858536,327.501864,33,0.0
42,DCMut+FO,-123.29208,310.58416,2422.58416,328.66254,32,0.0
41,DCMut+FC+IO,-125.88572,317.77144,2561.77144,336.414768,33,0.0
40,DCMut+FC+IC,-125.964854,317.929709,2561.929709,336.573037,33,0.0
39,DCMut+FC,-126.934433,317.868866,2429.868866,335.947246,32,0.0
35,Dayhoff+G8+FO+IO,-119.621347,307.242694,2687.242694,326.450972,34,0.0
34,Dayhoff+G8+FO+IC,-119.888437,307.776874,2687.776874,326.985152,34,0.0
33,Dayhoff+G8+FO,-119.607811,305.215621,2549.215621,323.85895,33,0.0
32,Dayhoff+G8+FC+IO,-123.794498,315.588996,2695.588996,334.797274,34,0.0
31,Dayhoff+G8+FC+IC,-124.058062,316.116124,2696.116124,335.324402,34,0.0
26,Dayhoff+FO+IO,-121.411157,308.822313,2552.822313,327.465642,33,0.0
97,FLU+FO+IC,-131.257244,328.514488,2572.514488,347.157816,33,0.0
25,Dayhoff+FO+IC,-121.445234,308.890469,2552.890469,327.533798,33,0.0
24,Dayhoff+FO,-123.298543,310.597086,2422.597086,328.675466,32,0.0
23,Dayhoff+FC+IO,-125.90498,317.809961,2561.809961,336.45329,33,0.0
5,cpREV+FC+IO,-128.721227,323.442454,2567.442454,342.085782,33,0.0
22,Dayhoff+FC+IC,-125.984269,317.968538,2561.968538,336.611867,33,0.0
21,Dayhoff+FC,-126.952352,317.904704,2429.904704,335.983084,32,0.0
6,cpREV+FO,-124.264957,312.529915,2424.529915,330.608294,32,0.0
17,cpREV+G8+FO+IO,-121.135916,310.271833,2690.271833,329.480111,34,0.0
16,cpREV+G8+FO+IC,-121.515239,311.030478,2691.030478,330.238756,34,0.0
15,cpREV+G8+FO,-121.133563,308.267125,2552.267125,326.910454,33,0.0
14,cpREV+G8+FC+IO,-125.464809,318.929618,2698.929618,338.137896,34,0.0
13,cpREV+G8+FC+IC,-125.833045,319.666089,2699.666089,338.874367,34,0.0
12,cpREV+G8+FC,-125.462382,316.924764,2560.924764,335.568093,33,0.0
7,cpREV+FO+IC,-123.967191,313.934382,2557.934382,332.577711,33,0.0
51,DCMut+G8+FO,-119.594086,305.188172,2549.188172,323.831501,33,0.0
52,DCMut+G8+FO+IC,-119.873802,307.747604,2687.747604,326.955882,34,0.0
53,DCMut+G8+FO+IO,-119.607771,307.215542,2687.215542,326.42382,34,0.0
57,DEN+FC,-125.837239,315.674478,2427.674478,333.752857,32,0.0
96,FLU+FO,-131.757909,327.515817,2439.515817,345.594197,32,0.0
95,FLU+FC+IO,-165.185421,396.370842,2640.370842,415.014171,33,0.0
94,FLU+FC+IC,-165.688068,397.376135,2641.376135,416.019464,33,0.0
93,FLU+FC,-166.092409,396.184817,2508.184817,414.263197,32,0.0
89,Blosum62+G8+FO+IO,-118.851959,305.703919,2685.703919,324.912197,34,0.0
88,Blosum62+G8+FO+IC,-119.343379,306.686758,2686.686758,325.895036,34,0.0
87,Blosum62+G8+FO,-118.842283,303.684566,2547.684566,322.327895,33,0.0
86,Blosum62+G8+FC+IO,-123.203682,314.407364,2694.407364,333.615643,34,0.0
85,Blosum62+G8+FC+IC,-123.659453,315.318906,2695.318906,334.527184,34,0.0
84,Blosum62+G8+FC,-123.207318,312.414637,2556.414637,331.057965,33,0.0
80,Blosum62+FO+IO,-120.302176,306.604352,2550.604352,325.247681,33,0.0
79,Blosum62+FO+IC,-120.423129,306.846258,2550.846258,325.489587,33,0.0
78,Blosum62+FO,-120.714592,305.429183,2417.429183,323.507563,32,0.0
77,Blosum62+FC+IO,-124.76229,315.524579,2559.524579,334.167908,33,0.0
76,Blosum62+FC+IC,-124.94631,315.892621,2559.892621,334.53595,33,0.0
75,Blosum62+FC,-125.142749,314.285498,2426.285498,332.363878,32,0.0
3,cpREV+FC,-129.123592,322.247185,2434.247185,340.325564,32,0.0
143,HIVw+G8+FO+IO,-129.48728,326.97456,2706.97456,346.182838,34,0.0
70,DEN+G8+FO+IC,-118.60723,305.21446,2685.21446,324.422738,34,0.0
69,DEN+G8+FO,-118.188644,302.377287,2546.377287,321.020616,33,0.0
68,DEN+G8+FC+IO,-122.725628,313.451256,2693.451256,332.659534,34,0.0
67,DEN+G8+FC+IC,-123.107497,314.214993,2694.214993,333.423272,34,0.0
66,DEN+G8+FC,-122.71638,311.432761,2555.432761,330.07609,33,0.0
62,DEN+FO+IO,-120.166649,306.333297,2550.333297,324.976626,33,0.0
61,DEN+FO+IC,-120.270033,306.540066,2550.540066,325.183394,33,0.0
60,DEN+FO,-120.786054,305.572108,2417.572108,323.650488,32,0.0
59,DEN+FC+IO,-125.289499,316.578998,2560.578998,335.222327,33,0.0
4,cpREV+FC+IC,-128.59695,323.193899,2567.193899,341.837228,33,0.0
58,DEN+FC+IC,-125.28507,316.570141,2560.570141,335.21347,33,0.0
71,DEN+G8+FO+IO,-118.204822,304.409644,2684.409644,323.617922,34,0.0
359,WAG+G8+FO+IO,-118.136185,304.27237,2684.27237,323.480648,34,0.0
147,JTT+FC,-128.494831,320.989662,2432.989662,339.068042,32,0.0
293,rtREV+FC+IO,-123.282617,312.565235,2556.565235,331.208564,33,0.0
284,PMB+G8+FC+IO,-122.719035,313.43807,2693.43807,332.646348,34,0.0
285,PMB+G8+FO,-118.241411,302.482822,2546.482822,321.126151,33,0.0
286,PMB+G8+FO+IC,-118.74315,305.4863,2685.4863,324.694578,34,0.0
287,PMB+G8+FO+IO,-118.253024,304.506047,2684.506047,323.714326,34,0.0
291,rtREV+FC,-123.620051,311.240101,2423.240101,329.318481,32,0.0
292,rtREV+FC+IC,-123.53794,313.075881,2557.075881,331.71921,33,0.0
294,rtREV+FO,-119.257564,302.515129,2414.515129,320.593508,32,0.0
282,PMB+G8+FC,-122.722242,311.444485,2555.444485,330.087814,33,0.0
295,rtREV+FO+IC,-118.92864,303.85728,2547.85728,322.500609,33,0.0
296,rtREV+FO+IO,-118.76708,303.534159,2547.534159,322.177488,33,0.0
300,rtREV+G8+FC,-121.205239,308.410478,2552.410478,327.053807,33,0.0
301,rtREV+G8+FC+IC,-121.796678,311.593355,2691.593355,330.801633,34,0.0
302,rtREV+G8+FC+IO,-121.197082,310.394163,2690.394163,329.602441,34,0.0
303,rtREV+G8+FO,-116.960775,299.921551,2543.921551,318.56488,33,0.0
283,PMB+G8+FC+IC,-123.168091,314.336182,2694.336182,333.54446,34,0.0
278,PMB+FO+IO,-119.713221,305.426442,2549.426442,324.069771,33,0.0
305,rtREV+G8+FO+IO,-116.96707,301.93414,2681.93414,321.142418,34,0.0
266,mtZOA+G8+FC+IO,-125.087563,318.175127,2698.175127,337.383405,34,0.0
257,mtZOA+FC+IO,-130.159453,326.318906,2570.318906,344.962234,33,0.0
258,mtZOA+FO,-125.656983,315.313967,2427.313967,333.392346,32,0.0
259,mtZOA+FO+IC,-125.148938,316.297876,2560.297876,334.941205,33,0.0
260,mtZOA+FO+IO,-124.993939,315.987878,2559.987878,334.631207,33,0.0
264,mtZOA+G8+FC,-125.087144,316.174287,2560.174287,334.817616,33,0.0
265,mtZOA+G8+FC+IC,-125.699243,319.398486,2699.398486,338.606764,34,0.0
267,mtZOA+G8+FO,-120.932591,307.865182,2551.865182,326.508511,33,0.0
277,PMB+FO+IC,-119.815514,305.631027,2549.631027,324.274356,33,0.0
268,mtZOA+G8+FO+IC,-121.434989,310.869979,2690.869979,330.078257,34,0.0
269,mtZOA+G8+FO+IO,-120.93182,309.863639,2689.863639,329.071917,34,0.0
273,PMB+FC,-124.7794,313.5588,2425.5588,331.63718,32,0.0
274,PMB+FC+IC,-124.488103,314.976206,2558.976206,333.619535,33,0.0
275,PMB+FC+IO,-124.329179,314.658357,2558.658357,333.301686,33,0.0
276,PMB+FO,-120.189724,304.379449,2416.379449,322.457828,32,0.0
304,rtREV+G8+FO+IC,-117.55949,303.118981,2683.118981,322.327259,34,0.0
309,stmtREV+FC,-133.853468,331.706937,2443.706937,349.785316,32,0.0
255,mtZOA+FC,-130.763075,325.52615,2437.52615,343.604529,32,0.0
347,WAG+FC+IO,-124.782615,315.56523,2559.56523,334.208558,33,0.0
338,VT+G8+FC+IO,-122.878239,313.756478,2693.756478,332.964756,34,0.0
339,VT+G8+FO,-118.491735,302.983469,2546.983469,321.626798,33,0.0
340,VT+G8+FO+IC,-118.928116,305.856232,2685.856232,325.06451,34,0.0
341,VT+G8+FO+IO,-118.507344,305.014688,2685.014688,324.222966,34,0.0
345,WAG+FC,-125.166643,314.333285,2426.333285,332.411665,32,0.0
346,WAG+FC+IC,-124.963358,315.926716,2559.926716,334.570045,33,0.0
348,WAG+FO,-120.42732,304.85464,2416.85464,322.933019,32,0.0
336,VT+G8+FC,-122.883744,311.767487,2555.767487,330.410816,33,0.0
349,WAG+FO+IC,-120.067887,306.135773,2550.135773,324.779102,33,0.0
350,WAG+FO+IO,-119.954101,305.908203,2549.908203,324.551531,33,0.0
354,WAG+G8+FC,-122.664036,311.328072,2555.328072,329.9714,33,0.0
355,WAG+G8+FC+IC,-123.152404,314.304807,2694.304807,333.513085,34,0.0
356,WAG+G8+FC+IO,-122.657126,313.314251,2693.314251,332.52253,34,0.0
357,WAG+G8+FO,-118.125966,302.251933,2546.251933,320.895262,33,0.0
337,VT+G8+FC+IC,-123.273756,314.547512,2694.547512,333.75579,34,0.0
332,VT+FO+IO,-119.99117,305.98234,2549.98234,324.625669,33,0.0
310,stmtREV+FC+IC,-131.936747,329.873495,2573.873495,348.516824,33,0.0
320,stmtREV+G8+FC+IO,-129.252933,326.505865,2706.505865,345.714143,34,0.0
311,stmtREV+FC+IO,-131.913232,329.826465,2573.826465,348.469794,33,0.0
312,stmtREV+FO,-128.481093,320.962186,2432.962186,339.040565,32,0.0
313,stmtREV+FO+IC,-127.133545,320.26709,2564.26709,338.910419,33,0.0
314,stmtREV+FO+IO,-127.106623,320.213246,2564.213246,338.856575,33,0.0
318,stmtREV+G8+FC,-129.224912,324.449824,2568.449824,343.093153,33,0.0
319,stmtREV+G8+FC+IC,-129.347695,326.695391,2706.695391,345.903669,34,0.0
321,stmtREV+G8+FO,-124.708132,315.416264,2559.416264,334.059593,33,0.0
331,VT+FO+IC,-120.082262,306.164523,2550.164523,324.807852,33,0.0
322,stmtREV+G8+FO+IC,-124.712612,317.425223,2697.425223,336.633501,34,0.0
323,stmtREV+G8+FO+IO,-124.711813,317.423627,2697.423627,336.631905,34,0.0
327,VT+FC,-125.006186,314.012372,2426.012372,332.090752,32,0.0
328,VT+FC+IC,-124.726548,315.453097,2559.453097,334.096425,33,0.0
329,VT+FC+IO,-124.581378,315.162757,2559.162757,333.806086,33,0.0
330,VT+FO,-120.502204,305.004408,2417.004408,323.082787,32,0.0
256,mtZOA+FC+IC,-130.351623,326.703247,2570.703247,345.346575,33,0.0
251,mtREV+G8+FO+IO,-125.044663,318.089325,2698.089325,337.297604,34,0.0
148,JTT+FC+IC,-127.503845,321.007691,2565.007691,339.65102,33,0.0
185,LG+FC+IO,-123.215676,312.431352,2556.431352,331.074681,33,0.0
176,JTT-DCMut+G8+FC+IO,-125.14888,318.29776,2698.29776,337.506038,34,0.0
177,JTT-DCMut+G8+FO,-120.592305,307.184611,2551.184611,325.82794,33,0.0
178,JTT-DCMut+G8+FO+IC,-120.8758,309.751599,2689.751599,328.959877,34,0.0
358,WAG+G8+FO+IC,-118.635058,305.270116,2685.270116,324.478394,34,0.0
183,LG+FC,-123.578016,311.156032,2423.156032,329.234412,32,0.0
184,LG+FC+IC,-123.456294,312.912587,2556.912587,331.555916,33,0.0
186,LG+FO,-119.028241,302.056483,2414.056483,320.134862,32,0.0
174,JTT-DCMut+G8+FC,-125.141857,316.283715,2560.283715,334.927044,33,0.0
187,LG+FO+IC,-118.628519,303.257038,2547.257038,321.900367,33,0.0
188,LG+FO+IO,-118.488924,302.977847,2546.977847,321.621176,33,0.0
192,LG+G8+FC,-121.25995,308.519901,2552.519901,327.16323,33,0.0
193,LG+G8+FC+IC,-121.79492,311.58984,2691.58984,330.798118,34,0.0
194,LG+G8+FC+IO,-121.255588,310.511176,2690.511176,329.719454,34,0.0
195,LG+G8+FO,-116.789232,299.578464,2543.578464,318.221793,33,0.0
175,JTT-DCMut+G8+FC+IC,-125.38001,318.760019,2698.760019,337.968297,34,0.0
170,JTT-DCMut+FO+IO,-122.468515,310.937029,2554.937029,329.580358,33,0.0
197,LG+G8+FO+IO,-116.805743,301.611486,2681.611486,320.819764,34,0.0
158,JTT+G8+FC+IO,-125.364191,318.728383,2698.728383,337.936661,34,0.0
149,JTT+FC+IO,-127.428281,320.856561,2564.856561,339.49989,33,0.0
150,JTT+FO,-123.574908,311.149817,2423.149817,329.228196,32,0.0
151,JTT+FO+IC,-122.68136,311.362719,2555.362719,330.006048,33,0.0
152,JTT+FO+IO,-122.643093,311.286186,2555.286186,329.929515,33,0.0
156,JTT+G8+FC,-125.362718,316.725436,2560.725436,335.368765,33,0.0
157,JTT+G8+FC+IC,-125.581993,319.163986,2699.163986,338.372264,34,0.0
159,JTT+G8+FO,-120.850028,307.700056,2551.700056,326.343385,33,0.0
169,JTT-DCMut+FO+IC,-122.45827,310.91654,2554.91654,329.559869,33,0.0
160,JTT+G8+FO+IC,-121.093082,310.186164,2690.186164,329.394442,34,0.0
161,JTT+G8+FO+IO,-120.867129,309.734258,2689.734258,328.942536,34,0.0
165,JTT-DCMut+FC,-128.279568,320.559136,2432.559136,338.637515,32,0.0
166,JTT-DCMut+FC+IC,-127.29541,320.590821,2564.590821,339.23415,33,0.0
167,JTT-DCMut+FC+IO,-127.218906,320.437812,2564.437812,339.081141,33,0.0
168,JTT-DCMut+FO,-123.250497,310.500995,2422.500995,328.579374,32,0.0
196,LG+G8+FO+IC,-117.283078,302.566157,2682.566157,321.774435,34,0.0
201,mtART+FC,-133.568143,331.136286,2443.136286,349.214666,32,0.0
250,mtREV+G8+FO+IC,-125.668161,319.336321,2699.336321,338.544599,34,0.0
239,mtREV+FC+IO,-135.158416,336.316833,2580.316833,354.960162,33,0.0
230,mtMAM+G8+FC+IO,-132.10939,332.21878,2712.21878,351.427058,34,0.0
231,mtMAM+G8+FO,-127.396031,320.792063,2564.792063,339.435392,33,0.0
232,mtMAM+G8+FO+IC,-128.06509,324.130181,2704.130181,343.338459,34,0.0
233,mtMAM+G8+FO+IO,-127.396843,322.793686,2702.793686,342.001964,34,0.0
237,mtREV+FC,-136.774118,337.548236,2449.548236,355.626615,32,0.0
238,mtREV+FC+IC,-135.232799,336.465597,2580.465597,355.108926,33,0.0
240,mtREV+FO,-130.94944,325.89888,2437.89888,343.97726,32,0.0
228,mtMAM+G8+FC,-132.109451,330.218901,2574.218901,348.86223,33,0.0
241,mtREV+FO+IC,-130.272248,326.544497,2570.544497,345.187826,33,0.0
242,mtREV+FO+IO,-130.228595,326.457189,2570.457189,345.100518,33,0.0
246,mtREV+G8+FC,-129.569339,325.138678,2569.138678,343.782007,33,0.0
247,mtREV+G8+FC+IC,-130.222857,328.445714,2708.445714,347.653992,34,0.0
248,mtREV+G8+FC+IO,-129.571398,327.142797,2707.142797,346.351075,34,0.0
249,mtREV+G8+FO,-125.042834,316.085668,2560.085668,334.728997,33,0.0
229,mtMAM+G8+FC+IC,-132.725515,333.451029,2713.451029,352.659308,34,0.0
224,mtMAM+FO+IO,-134.741886,335.483772,2579.483772,354.1271,33,0.0
202,mtART+FC+IC,-132.672523,331.345046,2575.345046,349.988375,33,0.0
212,mtART+G8+FC+IO,-126.378162,320.756324,2700.756324,339.964602,34,0.0
203,mtART+FC+IO,-132.500662,331.001324,2575.001324,349.644652,33,0.0
204,mtART+FO,-128.100701,320.201401,2432.201401,338.279781,32,0.0
205,mtART+FO+IC,-127.113167,320.226335,2564.226335,338.869664,33,0.0
206,mtART+FO+IO,-126.955868,319.911736,2563.911736,338.555065,33,0.0
210,mtART+G8+FC,-126.374931,318.749861,2562.749861,337.39319,33,0.0
211,mtART+G8+FC+IC,-126.962014,321.924027,2701.924027,341.132305,34,0.0
213,mtART+G8+FO,-121.79262,309.585241,2553.585241,328.22857,33,0.0
223,mtMAM+FO+IC,-134.770645,335.54129,2579.54129,354.184618,33,0.0
214,mtART+G8+FO+IC,-122.328079,312.656159,2692.656159,331.864437,34,0.0
215,mtART+G8+FO+IO,-121.795534,311.591068,2691.591068,330.799346,34,0.0
219,mtMAM+FC,-182.223234,428.446467,2540.446467,446.524846,32,0.0
220,mtMAM+FC+IC,-180.740171,427.480341,2671.480341,446.12367,33,0.0
221,mtMAM+FC+IO,-140.212203,346.424406,2590.424406,365.067734,33,0.0
222,mtMAM+FO,-136.328442,336.656884,2448.656884,354.735264,32,0.0
179,JTT-DCMut+G8+FO+IO,-120.610039,309.220077,2689.220077,328.428355,34,0.0
